{
  "TEMP@500_NHX": 250.16483799833736,
  "TEMP@500_TROPICS": 264.1699584390783,
  "TEMP@500_SHX": 248.14883354654967,
  "RH@500_NHX": 51.215723902162665,
  "RH@500_TROPICS": 38.21772492642539,
  "RH@500_SHX": 49.147942196192126,
  "OLR_NHX": 223.6942917114485,
  "OLR_TROPICS": 259.4573175795492,
  "OLR_SHX": 220.3198669691371,
  "OLRC_NHX": 246.19218733054814,
  "OLRC_TROPICS": 285.85385917958854,
  "OLRC_SHX": 243.7867192956823,
  "RSR_NHX": 106.1002412846411,
  "RSR_TROPICS": 103.49872444947277,
  "RSR_SHX": 107.27549258952529,
  "RSRC_NHX": 60.344660976389505,
  "RSRC_TROPICS": 51.63646187248109,
  "RSRC_SHX": 53.113329072205524,
  "LAT_NHX": 276.58933835466246,
  "LAT_TROPICS": 296.92008121521553,
  "LAT_SHX": 286.58084714288003,
  "Lprecip_NHX": 1.7652569794791612e-08,
  "Lprecip_TROPICS": 3.9422408433366294e-08,
  "Lprecip_SHX": 2.472848168533233e-08,
  "netflux_GLOBAL": -0.3306892602995831,
  "MSLP_NHX_DGM": 208.19095321325585,
  "MSLP_TROPICS_DGM": 292.8872237145988
}