{
  "TEMP@500_NHX": 250.0262180579572,
  "TEMP@500_TROPICS": 263.9935890054427,
  "TEMP@500_SHX": 248.25621851225958,
  "RH@500_NHX": 51.25400227102838,
  "RH@500_TROPICS": 37.51978685482546,
  "RH@500_SHX": 49.167849478725564,
  "OLR_NHX": 223.56637723210633,
  "OLR_TROPICS": 260.06786760549727,
  "OLR_SHX": 220.08816829872194,
  "OLRC_NHX": 245.8588751714896,
  "OLRC_TROPICS": 285.97140260983656,
  "OLRC_SHX": 243.76528264857185,
  "RSR_NHX": 106.54496136054912,
  "RSR_TROPICS": 102.72084353617952,
  "RSR_SHX": 107.7950623510227,
  "RSRC_NHX": 60.66753972846904,
  "RSRC_TROPICS": 51.65111744150202,
  "RSRC_SHX": 52.98727115309045,
  "LAT_NHX": 276.24110686585385,
  "LAT_TROPICS": 296.9219923910967,
  "LAT_SHX": 286.5798106899582,
  "Lprecip_NHX": 1.8008548051186917e-08,
  "Lprecip_TROPICS": 3.968050459647016e-08,
  "Lprecip_SHX": 2.5970585994328878e-08,
  "netflux_GLOBAL": -0.38736811870164595,
  "MSLP_NHX_DGM": 224.01757454359904,
  "MSLP_TROPICS_DGM": 261.8706798341009
}