{
  "TEMP@500_NHX": 250.11301234150073,
  "TEMP@500_TROPICS": 264.1996989141567,
  "TEMP@500_SHX": 248.133878241697,
  "RH@500_NHX": 51.63875962876827,
  "RH@500_TROPICS": 38.81774468669422,
  "RH@500_SHX": 49.11573114183894,
  "OLR_NHX": 223.17085047643107,
  "OLR_TROPICS": 258.9325127604722,
  "OLR_SHX": 220.3274779995792,
  "OLRC_NHX": 245.66656287988832,
  "OLRC_TROPICS": 285.7553351424598,
  "OLRC_SHX": 243.8119653030112,
  "RSR_NHX": 106.3993189312145,
  "RSR_TROPICS": 103.90785308765942,
  "RSR_SHX": 106.95091012947329,
  "RSRC_NHX": 60.56245837172017,
  "RSRC_TROPICS": 51.67556992054566,
  "RSRC_SHX": 53.094482327248386,
  "LAT_NHX": 276.12593453862274,
  "LAT_TROPICS": 297.02305860779666,
  "LAT_SHX": 286.83380742005306,
  "Lprecip_NHX": 1.7414492726566338e-08,
  "Lprecip_TROPICS": 3.9285925561716845e-08,
  "Lprecip_SHX": 2.3019826104244306e-08,
  "netflux_GLOBAL": -0.1410896181702093,
  "MSLP_NHX_DGM": 244.89728375390405,
  "MSLP_TROPICS_DGM": 276.0152035959327
}