{
  "TEMP@500_NHX": 250.07729639794582,
  "TEMP@500_TROPICS": 263.9052686249106,
  "TEMP@500_SHX": 248.2808740163745,
  "RH@500_NHX": 51.4571924478481,
  "RH@500_TROPICS": 37.03940223082131,
  "RH@500_SHX": 49.1624193509651,
  "OLR_NHX": 223.89488852911865,
  "OLR_TROPICS": 260.82225634601366,
  "OLR_SHX": 220.91678012363218,
  "OLRC_NHX": 246.04884276730328,
  "OLRC_TROPICS": 286.20458267048434,
  "OLRC_SHX": 244.14007034128392,
  "RSR_NHX": 106.18534475813094,
  "RSR_TROPICS": 102.32486265303635,
  "RSR_SHX": 106.91838180190456,
  "RSRC_NHX": 60.42191282289606,
  "RSRC_TROPICS": 51.67162239376331,
  "RSRC_SHX": 52.9882529611405,
  "LAT_NHX": 276.46660555452524,
  "LAT_TROPICS": 297.0070028012106,
  "LAT_SHX": 286.96175318560535,
  "Lprecip_NHX": 1.7747226195954358e-08,
  "Lprecip_TROPICS": 3.9898489745395516e-08,
  "Lprecip_SHX": 2.4231211520991372e-08,
  "netflux_GLOBAL": -0.5559514673122381,
  "MSLP_NHX_DGM": 217.8839816866821,
  "MSLP_TROPICS_DGM": 288.59469718512264
}