{
  "TEMP@500_NHX": 250.03240109405237,
  "TEMP@500_TROPICS": 263.80833559048546,
  "TEMP@500_SHX": 248.0655213321254,
  "RH@500_NHX": 51.46792518640156,
  "RH@500_TROPICS": 36.265662314753044,
  "RH@500_SHX": 49.307810551546744,
  "OLR_NHX": 223.4584792516167,
  "OLR_TROPICS": 261.69078838111466,
  "OLR_SHX": 220.32813764536039,
  "OLRC_NHX": 245.75718014083768,
  "OLRC_TROPICS": 286.49644300861866,
  "OLRC_SHX": 243.77297693881638,
  "RSR_NHX": 106.38908835624078,
  "RSR_TROPICS": 102.06495118458393,
  "RSR_SHX": 107.36602532923317,
  "RSRC_NHX": 60.48779803054039,
  "RSRC_TROPICS": 51.68493216080555,
  "RSRC_SHX": 53.10142635583796,
  "LAT_NHX": 276.3468973026633,
  "LAT_TROPICS": 296.93770550630353,
  "LAT_SHX": 286.40356716711665,
  "Lprecip_NHX": 1.7657367573522265e-08,
  "Lprecip_TROPICS": 3.98961561649618e-08,
  "Lprecip_SHX": 2.590285626703734e-08,
  "netflux_GLOBAL": -0.7851790530244646,
  "MSLP_NHX_DGM": 234.59716884719091,
  "MSLP_TROPICS_DGM": 264.59458630102745
}