{
  "TEMP@500_NHX": 250.03108675415646,
  "TEMP@500_TROPICS": 264.0670850251329,
  "TEMP@500_SHX": 248.14046478088216,
  "RH@500_NHX": 51.684963501210056,
  "RH@500_TROPICS": 37.957716958446,
  "RH@500_SHX": 49.08258229843409,
  "OLR_NHX": 223.2559097403883,
  "OLR_TROPICS": 259.7641963299059,
  "OLR_SHX": 220.0802493767063,
  "OLRC_NHX": 245.80689872803254,
  "OLRC_TROPICS": 285.9707697044259,
  "OLRC_SHX": 243.5643193801414,
  "RSR_NHX": 106.29811339850563,
  "RSR_TROPICS": 103.27667687055435,
  "RSR_SHX": 107.0866625624997,
  "RSRC_NHX": 60.24859779401815,
  "RSRC_TROPICS": 51.64099286831133,
  "RSRC_SHX": 53.06197724463537,
  "LAT_NHX": 276.3246464124452,
  "LAT_TROPICS": 297.00087959789835,
  "LAT_SHX": 286.63521527516997,
  "Lprecip_NHX": 1.8019027236169004e-08,
  "Lprecip_TROPICS": 3.970802971978968e-08,
  "Lprecip_SHX": 2.4840611225527617e-08,
  "netflux_GLOBAL": -0.215529636454709,
  "MSLP_NHX_DGM": 234.6925640671252,
  "MSLP_TROPICS_DGM": 278.0873608339316
}