{
  "TEMP@500_NHX": 250.0837980596821,
  "TEMP@500_TROPICS": 263.9955353366672,
  "TEMP@500_SHX": 248.1302091189998,
  "RH@500_NHX": 51.361732939598966,
  "RH@500_TROPICS": 37.56217041612811,
  "RH@500_SHX": 48.96235883343347,
  "OLR_NHX": 223.285104126005,
  "OLR_TROPICS": 259.375261513428,
  "OLR_SHX": 219.88963898098146,
  "OLRC_NHX": 245.53749376252418,
  "OLRC_TROPICS": 285.25461394820746,
  "OLRC_SHX": 243.33785272200458,
  "RSR_NHX": 106.6334195580529,
  "RSR_TROPICS": 103.12261014460238,
  "RSR_SHX": 107.6073052092845,
  "RSRC_NHX": 60.723752150957,
  "RSRC_TROPICS": 51.89538522202933,
  "RSRC_SHX": 53.2290040254363,
  "LAT_NHX": 276.24944809813144,
  "LAT_TROPICS": 296.9203954081467,
  "LAT_SHX": 286.84935872449176,
  "Lprecip_NHX": 1.7586699465853636e-08,
  "Lprecip_TROPICS": 3.9109448293190926e-08,
  "Lprecip_SHX": 2.4783010306972576e-08,
  "netflux_GLOBAL": -0.09714333705254129,
  "MSLP_NHX_DGM": 226.80719551461516,
  "MSLP_TROPICS_DGM": 290.96127238297777
}