{
  "TEMP@500_NHX": 250.150778245012,
  "TEMP@500_TROPICS": 263.8853411192679,
  "TEMP@500_SHX": 248.20217156540843,
  "RH@500_NHX": 51.03297448839954,
  "RH@500_TROPICS": 35.948670723658694,
  "RH@500_SHX": 48.68861938568552,
  "OLR_NHX": 223.95644242991716,
  "OLR_TROPICS": 262.0208606917627,
  "OLR_SHX": 220.40016551008566,
  "OLRC_NHX": 246.14041239293502,
  "OLRC_TROPICS": 286.5570642784909,
  "OLRC_SHX": 243.66408013175763,
  "RSR_NHX": 106.39389919419632,
  "RSR_TROPICS": 101.79307115773976,
  "RSR_SHX": 107.2286636516053,
  "RSRC_NHX": 60.43284241581998,
  "RSRC_TROPICS": 51.643597381210135,
  "RSRC_SHX": 53.12346636141311,
  "LAT_NHX": 276.5305313887816,
  "LAT_TROPICS": 296.90436931322256,
  "LAT_SHX": 286.5569799808124,
  "Lprecip_NHX": 1.7862663540670253e-08,
  "Lprecip_TROPICS": 4.030946443766983e-08,
  "Lprecip_SHX": 2.604500164919893e-08,
  "netflux_GLOBAL": -0.91993541765451,
  "MSLP_NHX_DGM": 223.95976603290183,
  "MSLP_TROPICS_DGM": 281.2018046966841
}