{
  "TEMP@500_NHX": 250.19519884307107,
  "TEMP@500_TROPICS": 263.9225843619947,
  "TEMP@500_SHX": 248.05915573309252,
  "RH@500_NHX": 51.25087170886973,
  "RH@500_TROPICS": 36.89094544128768,
  "RH@500_SHX": 48.99766239946746,
  "OLR_NHX": 223.96443801128746,
  "OLR_TROPICS": 260.9692964256718,
  "OLR_SHX": 220.72972133153758,
  "OLRC_NHX": 246.09143911659592,
  "OLRC_TROPICS": 286.3309476179692,
  "OLRC_SHX": 243.96465322639557,
  "RSR_NHX": 106.29261841839147,
  "RSR_TROPICS": 102.78273860473672,
  "RSR_SHX": 106.9300388563834,
  "RSRC_NHX": 60.72276794185531,
  "RSRC_TROPICS": 51.72305038930598,
  "RSRC_SHX": 53.13351211502164,
  "LAT_NHX": 276.353475353448,
  "LAT_TROPICS": 296.8638145158632,
  "LAT_SHX": 286.7721893090434,
  "Lprecip_NHX": 1.762989941445792e-08,
  "Lprecip_TROPICS": 3.9946741949100054e-08,
  "Lprecip_SHX": 2.5714853955419027e-08,
  "netflux_GLOBAL": -0.8726904430758916,
  "MSLP_NHX_DGM": 212.48975869757123,
  "MSLP_TROPICS_DGM": 288.6389317345747
}