{
  "TEMP@500_NHX": 250.1274229724068,
  "TEMP@500_TROPICS": 263.9576167784441,
  "TEMP@500_SHX": 248.25393010251926,
  "RH@500_NHX": 51.203876950951006,
  "RH@500_TROPICS": 37.55879671787527,
  "RH@500_SHX": 49.23321673819831,
  "OLR_NHX": 223.88360624246835,
  "OLR_TROPICS": 260.23889432903644,
  "OLR_SHX": 220.43250775435692,
  "OLRC_NHX": 245.9486237262222,
  "OLRC_TROPICS": 286.0989767203809,
  "OLRC_SHX": 243.9865523461507,
  "RSR_NHX": 105.97577176964255,
  "RSR_TROPICS": 102.84777838706624,
  "RSR_SHX": 107.9512008380484,
  "RSRC_NHX": 60.3917744100158,
  "RSRC_TROPICS": 51.67725039715358,
  "RSRC_SHX": 52.966444866377664,
  "LAT_NHX": 276.32021961104834,
  "LAT_TROPICS": 296.97118314373887,
  "LAT_SHX": 286.66761667140565,
  "Lprecip_NHX": 1.7538267860107533e-08,
  "Lprecip_TROPICS": 3.9033560917816774e-08,
  "Lprecip_SHX": 2.5867489923505063e-08,
  "netflux_GLOBAL": -0.6024817253136585,
  "MSLP_NHX_DGM": 217.51055085916596,
  "MSLP_TROPICS_DGM": 269.5264909274556
}