{
  "TEMP@500_NHX": 250.06490328805577,
  "TEMP@500_TROPICS": 263.8465902098915,
  "TEMP@500_SHX": 248.162082673806,
  "RH@500_NHX": 51.555576452260105,
  "RH@500_TROPICS": 37.13860115683047,
  "RH@500_SHX": 49.38184168687501,
  "OLR_NHX": 223.57019746571734,
  "OLR_TROPICS": 260.76797522117397,
  "OLR_SHX": 220.15119581291486,
  "OLRC_NHX": 246.02134089702125,
  "OLRC_TROPICS": 286.13212428488845,
  "OLRC_SHX": 243.7048540452133,
  "RSR_NHX": 106.52449248457646,
  "RSR_TROPICS": 102.31564446404688,
  "RSR_SHX": 107.54502943285563,
  "RSRC_NHX": 60.44948254014401,
  "RSRC_TROPICS": 51.650691278706,
  "RSRC_SHX": 52.96254525311766,
  "LAT_NHX": 276.40236765666367,
  "LAT_TROPICS": 296.92850220513367,
  "LAT_SHX": 286.5203683250046,
  "Lprecip_NHX": 1.7725768192040688e-08,
  "Lprecip_TROPICS": 3.968212650540688e-08,
  "Lprecip_SHX": 2.6893295510076414e-08,
  "netflux_GLOBAL": -0.49305277475845843,
  "MSLP_NHX_DGM": 223.07193328641006,
  "MSLP_TROPICS_DGM": 285.90479803684866
}