{
  "RSR_NHX": 106.59991455078125,
  "RSR_TROPICS": 94.03191375732422,
  "RSR_SHX": 99.40504455566406,
  "OLR_NHX": 224.33563232421875,
  "OLR_TROPICS": 259.8328552246094,
  "OLR_SHX": 214.61740112304688,
  "netflux_GLOBAL": 0.6189332604408264,
  "RSRC_NHX": 61.058921813964844,
  "RSRC_TROPICS": 50.901390075683594,
  "RSRC_SHX": 49.16046142578125,
  "OLRC_NHX": 248.4571075439453,
  "OLRC_TROPICS": 289.6667785644531,
  "OLRC_SHX": 241.5525360107422,
  "Lprecip_NHX": 1.6668383977958e-05,
  "Lprecip_TROPICS": 3.4453580155968666e-05,
  "Lprecip_SHX": 2.008032242883928e-05,
  "LAT_NHX": 276.6898193359375,
  "LAT_TROPICS": 297.2085876464844,
  "LAT_SHX": 286.83831787109375,
  "RH@500_NHX": 53.323944091796875,
  "RH@500_TROPICS": 34.47572708129883,
  "RH@500_SHX": 51.74153137207031,
  "TEMP@500_NHX": 251.0802459716797,
  "TEMP@500_TROPICS": 266.3688659667969,
  "TEMP@500_SHX": 249.0185546875,
  "MSLP_NHX_DGM": 291.375,
  "MSLP_TROPICS_DGM": 167.25,
  "Reff_NHX": 12.506567555540895,
  "Reff_TROPICS": 15.513385135590026,
  "Reff_SHX": 13.526771334569421
}